<?xml version="1.0" encoding="UTF-8"?>
<project-private xmlns="http://www.netbeans.org/ns/project-private/1">
    <editor-bookmarks xmlns="http://www.netbeans.org/ns/editor-bookmarks/2" lastBookmarkId="0"/>
    <open-files xmlns="http://www.netbeans.org/ns/projectui-open-files/2">
        <group>
            <file>file:/C:/Users/sneha/Downloads/Farm%20Marketing/farmMarketing/src/farmmarketing/cust_welcome.java</file>
            <file>file:/C:/Users/sneha/Downloads/Farm%20Marketing/farmMarketing/src/farmmarketing/start_page.java</file>
            <file>file:/C:/Users/sneha/Downloads/Farm%20Marketing/farmMarketing/src/farmmarketing/farmer_reg.java</file>
            <file>file:/C:/Users/sneha/Downloads/Farm%20Marketing/farmMarketing/src/farmmarketing/ContractFarmingAlertsApp.java</file>
            <file>file:/C:/Users/sneha/Downloads/Farm%20Marketing/farmMarketing/src/farmmarketing/FarmMarketing.java</file>
            <file>file:/C:/Users/sneha/Downloads/Farm%20Marketing/farmMarketing/src/farmmarketing/CropAgreementFrame.java</file>
            <file>file:/C:/Users/sneha/Downloads/Farm%20Marketing/farmMarketing/src/farmmarketing/SimpleChatFrame.java</file>
            <file>file:/C:/Users/sneha/Downloads/Farm%20Marketing/farmMarketing/src/farmmarketing/user.png</file>
            <file>file:/C:/Users/sneha/Downloads/Farm%20Marketing/farmMarketing/src/farmmarketing/available_product.java</file>
            <file>file:/C:/Users/sneha/Downloads/Farm%20Marketing/farmMarketing/src/farmmarketing/img2.png</file>
            <file>file:/C:/Users/sneha/Downloads/Farm%20Marketing/farmMarketing/src/farmmarketing/CropPricePredictionApp1.java</file>
            <file>file:/C:/Users/sneha/Downloads/Farm%20Marketing/farmMarketing/src/farmmarketing/farmer_welcome.java</file>
            <file>file:/C:/Users/sneha/Downloads/Farm%20Marketing/farmMarketing/src/farmmarketing/AdvancedOptionBasedChatBot.java</file>
            <file>file:/C:/Users/sneha/Downloads/Farm%20Marketing/farmMarketing/src/farmmarketing/CropPricePredictionApp.java</file>
            <file>file:/C:/Users/sneha/Downloads/Farm%20Marketing/farmMarketing/src/farmmarketing/process_order.java</file>
            <file>file:/C:/Users/sneha/Downloads/Farm%20Marketing/farmMarketing/src/farmmarketing/cust_reg.java</file>
        </group>
    </open-files>
</project-private>
